https://www.digitale-sammlungen.de/en/view/bsb11211065?page=98,99
https://www.digitale-sammlungen.de/en/view/bsb11211065?page=22,23
https://www.digitale-sammlungen.de/de/view/bsb11095441?page=,1
https://diglib.hab.de/wdb.php?dir=drucke/gm-4947&pointer=19
https://www.digitale-sammlungen.de/de/view/bsb11095130?page=303
https://archive.org/details/itinerariumgerma00zeil/page/n409/mode/2up
https://reise.isgv.de/logs/Q109943927
https://www.digitale-sammlungen.de/de/view/bsb10467335?page=1048
https://digital.slub-dresden.de/werkansicht/dlf/57275/122
https://digital.slub-dresden.de/werkansicht/dlf/3736/620
https://digital.slub-dresden.de/werkansicht/dlf/3736/552
https://digital.slub-dresden.de/werkansicht/dlf/3736/480
https://www.digitale-sammlungen.de/de/view/bsb10467756?page=152
https://digital.slub-dresden.de/werkansicht/dlf/55211/456
https://www.digitale-sammlungen.de/de/view/bsb11211808?page=1022
https://digital.slub-dresden.de/werkansicht/dlf/111740/118
https://digital.slub-dresden.de/werkansicht/dlf/111740/68
https://reise.isgv.de/logs/Q109944046
https://www.digi-hub.de/viewer/image/BV043965717/291/
https://reise.isgv.de/logs/Q109943931
https://archive.org/details/BriefeEinesAufmerksamenReisendenDieMusikBetreffendBd.21776/page/n107/mode/2up
https://haab-digital.klassik-stiftung.de/viewer/image/1302496816/351/
https://haab-digital.klassik-stiftung.de/viewer/image/1302496816/213/
https://www.digitale-sammlungen.de/de/view/bsb10621069?page=34
https://www.digitale-sammlungen.de/de/view/bsb10621069?page=34
https://digital.slub-dresden.de/werkansicht/dlf/66140/102
https://www.digitale-sammlungen.de/de/view/bsb11251733?page=162
https://digitale.bibliothek.uni-halle.de/vd18/content/pageview/13112948
https://digital.slub-dresden.de/werkansicht/dlf/79601/26
https://digital.slub-dresden.de/werkansicht/dlf/79601/25
https://www.digitale-sammlungen.de/de/view/bsb10470130?page=188
https://www.digitale-sammlungen.de/de/view/bsb10008768?page=41
https://digitale.bibliothek.uni-halle.de/vd18/content/pageview/10349070
https://digital.slub-dresden.de/werkansicht/dlf/79016/322
https://digital.slub-dresden.de/werkansicht/dlf/79016/309
https://www.digitale-sammlungen.de/de/view/bsb10467957?page=6
https://www.digitale-sammlungen.de/de/view/bsb10926840?page=137
https://www.digitale-sammlungen.de/de/view/bsb10926840?page=134
https://reise.isgv.de/logs/Q109943924
https://ds.ub.uni-bielefeld.de/viewer/image/2238504_004/341/
https://digitale.bibliothek.uni-halle.de/vd18/content/pageview/4795626
https://digitale.bibliothek.uni-halle.de/vd18/content/pageview/4795624
https://digitale.bibliothek.uni-halle.de/vd18/content/pageview/4795618
https://digitale.bibliothek.uni-halle.de/vd18/content/pageview/4795612
https://www.digitale-sammlungen.de/de/view/bsb10614688?page=384
https://digital.slub-dresden.de/werkansicht/dlf/55914/125
https://reise.isgv.de/logs/Q109944123
https://reise.isgv.de/logs/Q109944077
https://www.digitale-sammlungen.de/de/view/bsb10468145?page=146
https://www.digitale-sammlungen.de/de/view/bsb10466437?q=%28Briefe+%C3%BCber+Sachsen+von+einem+Reisenden%29&page=62,63
https://www.digitale-sammlungen.de/de/view/bsb10466437?q=%28Briefe+%C3%BCber+Sachsen+von+einem+Reisenden%29&page=58,59
https://www.digitale-sammlungen.de/de/view/bsb10466437?q=%28Briefe+%C3%BCber+Sachsen+von+einem+Reisenden%29&page=56,57
https://www.digitale-sammlungen.de/de/view/bsb10466437?q=%28Briefe+%C3%BCber+Sachsen+von+einem+Reisenden%29&page=52,53
https://www.digitale-sammlungen.de/de/view/bsb10466437?q=%28Briefe+%C3%BCber+Sachsen+von+einem+Reisenden%29&page=50,51
https://www.digitale-sammlungen.de/de/view/bsb10466437?q=%28Briefe+%C3%BCber+Sachsen+von+einem+Reisenden%29&page=20,21
https://www.digitale-sammlungen.de/de/view/bsb10466437?q=%28Briefe+%C3%BCber+Sachsen+von+einem+Reisenden%29&page=18,19
https://digital.slub-dresden.de/werkansicht/dlf/2424/29
https://digital.slub-dresden.de/werkansicht/dlf/55644/83
https://digital.slub-dresden.de/werkansicht/dlf/55644/27
https://www.digitale-sammlungen.de/de/view/bsb10467735?page=352
https://digital.slub-dresden.de/werkansicht/dlf/1821/154
https://digital.slub-dresden.de/werkansicht/dlf/1821/118
https://digital.slub-dresden.de/werkansicht/dlf/1821/95
https://www.digitale-sammlungen.de/de/view/bsb00075073?q=%28briefe+einer+curl%C3%A4nderinn%29&page=82,83
https://www.digitale-sammlungen.de/de/view/bsb00075072?q=%28Briefe+einer+Curl%C3%A4nderinn+Auf+einer+Reise+durch+Deutschland,+Zwei+Theile,+Bd.%3A%29&page=178,179
https://www.digitale-sammlungen.de/de/view/bsb00075072?q=%28Briefe+einer+Curl%C3%A4nderinn+Auf+einer+Reise+durch+Deutschland,+Zwei+Theile,+Bd.%3A%29&page=118,119
https://www.digitale-sammlungen.de/de/view/bsb00075072?q=%28Briefe+einer+Curl%C3%A4nderinn+Auf+einer+Reise+durch+Deutschland,+Zwei+Theile,+Bd.%3A%29&page=82,83
https://www.digitale-sammlungen.de/de/view/bsb00075072?q=%28Briefe+einer+Curl%C3%A4nderinn+Auf+einer+Reise+durch+Deutschland,+Zwei+Theile,+Bd.%3A%29&page=74,75
https://reise.isgv.de/logs/Q109944063
https://ds.ub.uni-bielefeld.de/viewer/image/1921388_010/357/
https://ds.ub.uni-bielefeld.de/viewer/image/1921388_010/341/
https://www.digitale-sammlungen.de/de/view/bsb10468214?page=70
https://www.digitale-sammlungen.de/de/view/bsb10468214?page=66
https://www.digitale-sammlungen.de/de/view/bsb10468214?page=38
https://www.digitale-sammlungen.de/de/view/bsb11095835?page=215
https://www.digitale-sammlungen.de/de/view/bsb11095835?page=172
https://reise.isgv.de/logs/Q109944002
https://reise.isgv.de/logs/Q109944002
https://reise.isgv.de/logs/Q109944002
https://www.digitale-sammlungen.de/de/view/bsb10468286?page=402
https://digital.slub-dresden.de/werkansicht/dlf/69234/82
https://digital.slub-dresden.de/werkansicht/dlf/69234/39
https://www.deutschestextarchiv.de/book/view/schulz_reise03_1795?p=43
https://www.deutschestextarchiv.de/book/view/schulz_reise03_1795?p=13
https://www.deutschestextarchiv.de/book/view/schulz_reise0202_1795?p=248
https://www.deutschestextarchiv.de/book/view/schulz_reise0202_1795?p=247
https://digital.slub-dresden.de/werkansicht/dlf/55979/172
https://digital.slub-dresden.de/werkansicht/dlf/55979/136
https://www.wikidata.org/.well-known/genid/3d72d55d7c9f79c934bd36c67567c78b
https://www.digitale-sammlungen.de/de/view/bsb10469118?page=176
https://www.digitale-sammlungen.de/de/view/bsb10469118?page=141
https://www.digitale-sammlungen.de/de/view/bsb10469118?page=138
https://www.digitale-sammlungen.de/de/view/bsb10468856?page=58
https://sammlungen.ulb.uni-muenster.de/hd/content/pageview/489974
https://www.digitale-sammlungen.de/de/view/bsb11249684?page=213
https://www.digitale-sammlungen.de/de/view/bsb11249684?page=160
https://www.digitale-sammlungen.de/de/view/bsb10467215?page=519
https://www.digitale-sammlungen.de/de/view/bsb10469984?page=36
https://www.digitale-sammlungen.de/de/view/bsb11095854?page=68
https://www.digitale-sammlungen.de/de/view/bsb11095854?page=31
https://digital.slub-dresden.de/werkansicht/dlf/78092/40
https://digital.slub-dresden.de/werkansicht/dlf/78092/14
https://reise.isgv.de/logs/Q109944042
https://www.digitale-sammlungen.de/de/view/bsb11095838?page=383
https://www.digitale-sammlungen.de/de/view/bsb11095838?page=150
https://digital.slub-dresden.de/werkansicht/dlf/77508/247
https://digital.slub-dresden.de/werkansicht/dlf/77508/20
https://www.digitale-sammlungen.de/de/view/bsb11095838?page=69
https://www.digitale-sammlungen.de/de/view/bsb11095838?page=168
https://www.digitale-sammlungen.de/de/view/bsb11095838?page=27
https://digital.slub-dresden.de/werkansicht/dlf/80669/10
https://www.digitale-sammlungen.de/de/view/bsb10470042?page=222
https://digital.slub-dresden.de/werkansicht/dlf/90361/63
https://digital.slub-dresden.de/werkansicht/dlf/90361/56
https://digital.slub-dresden.de/werkansicht/dlf/90361/40
https://ds.ub.uni-bielefeld.de/viewer/image/1921388_028/221/
https://digitale.bibliothek.uni-halle.de/vd18/content/pageview/6290952
https://digitale.bibliothek.uni-halle.de/vd18/content/pageview/6290892
https://digital.slub-dresden.de/werkansicht/dlf/93539/529
https://digital.slub-dresden.de/werkansicht/?id=5363&tx_dlf%5Bid%5D=93539&tx_dlf%5Bpage%5D=456
https://digital.slub-dresden.de/werkansicht/?id=5363&tx_dlf%5Bid%5D=93539&tx_dlf%5Bpage%5D=318
https://www.digitale-sammlungen.de/de/view/bsb10467220?page=318
https://www.digitale-sammlungen.de/de/view/bsb10467220?page=280
https://reise.isgv.de/logs/Q109944004
https://reise.isgv.de/logs/Q109944004
https://reise.isgv.de/logs/Q109944004
https://reise.isgv.de/logs/Q109944004
https://www.digitale-sammlungen.de/de/view/bsb10468177?page=25
https://digital.slub-dresden.de/werkansicht/dlf/94391/47
https://reise.isgv.de/logs/Q109944154
https://reise.isgv.de/logs/Q109944154
https://reise.isgv.de/logs/Q109944154
https://reise.isgv.de/logs/Q109944162
https://reise.isgv.de/logs/Q109944162
https://digital.slub-dresden.de/werkansicht/dlf/101203/134
https://reise.isgv.de/logs/Q109944017
https://reise.isgv.de/logs/Q109944017
https://www.digitale-sammlungen.de/de/view/bsb10467875?page=320
https://reise.isgv.de/logs/Q109943914
https://reise.isgv.de/logs/Q109944068
https://reise.isgv.de/logs/Q109944068
https://reise.isgv.de/logs/Q109944068
https://reise.isgv.de/logs/Q109944068
https://www.digitale-sammlungen.de/de/view/bsb10468464?page=285
https://www.digitale-sammlungen.de/de/view/bsb10724489?page=144
https://reise.isgv.de/logs/Q109944027
https://reise.isgv.de/logs/Q109944027
https://reise.isgv.de/logs/Q109944027
https://digital.slub-dresden.de/werkansicht/dlf/101035/80
https://digital.slub-dresden.de/werkansicht/dlf/101035/57
https://digital.slub-dresden.de/werkansicht/dlf/101035/33
https://digital.slub-dresden.de/werkansicht/dlf/101035/27
https://digital.slub-dresden.de/werkansicht/dlf/101044/368
https://digital.slub-dresden.de/werkansicht/dlf/101044/333
https://www.digitale-sammlungen.de/de/view/bsb11095837?page=74
https://www.digitale-sammlungen.de/de/view/bsb10469652?page=430
https://www.digitale-sammlungen.de/de/view/bsb10469652?page=362
https://www.digitale-sammlungen.de/de/view/bsb10469652?page=360
https://www.digitale-sammlungen.de/de/view/bsb10469652?page=355
https://www.digitale-sammlungen.de/de/view/bsb10469652?page=136
https://www.digitale-sammlungen.de/de/view/bsb10469652?page=75
https://reise.isgv.de/logs/Q109944065
https://reise.isgv.de/logs/Q109944065
https://reise.isgv.de/logs/Q109944023
https://reise.isgv.de/logs/Q109944023
https://reise.isgv.de/logs/Q109944023
https://digital.slub-dresden.de/werkansicht/dlf/13943/418
https://www.digitale-sammlungen.de/de/view/bsb10469992?page=18
https://digital.slub-dresden.de/werkansicht/dlf/99374/141
https://gallica.bnf.fr/ark:/12148/bpt6k9410564q/f225.item
https://gallica.bnf.fr/ark:/12148/bpt6k9410564q/f92.item
https://gallica.bnf.fr/ark:/12148/bpt6k9410564q/f83.item
https://reise.isgv.de/logs/Q109944092
https://sammlungen.ulb.uni-muenster.de/hd/content/pageview/403267
https://sammlungen.ulb.uni-muenster.de/hd/content/pageview/403248
https://www.digitale-sammlungen.de/de/view/bsb10469982?page=403
https://www.digitale-sammlungen.de/de/view/bsb10469982?page=401
https://reise.isgv.de/logs/Q109943942
https://reise.isgv.de/logs/Q109943942
https://reise.isgv.de/logs/Q109943942
https://reise.isgv.de/logs/Q109943942
https://www.digitale-sammlungen.de/de/view/bsb10946792?q=%28Merkw%C3%BCrdige+Reise+%C3%BCber+Erlangen,+Dre%C3%9Fden,+Kassel+und+Fulda+nach+Hammelburg%29&page=32,33
https://digital.slub-dresden.de/werkansicht/dlf/95118/170
https://digital.slub-dresden.de/werkansicht/?id=5363&tx_dlf%5Bid%5D=95118&tx_dlf%5Bpage%5D=94
https://digital.slub-dresden.de/werkansicht/dlf/95118/80
https://reise.isgv.de/logs/Q109943993
https://reise.isgv.de/logs/Q109943993
https://gdz.sub.uni-goettingen.de/id/PPN895471981?tify=%7B%22pages%22%3A%5B99%5D%2C%22pan%22%3A%7B%22x%22%3A0.458%2C%22y%22%3A0.771%7D%2C%22view%22%3A%22info%22%2C%22zoom%22%3A0.427%7D
https://gdz.sub.uni-goettingen.de/id/PPN895471981?tify=%7B%22pages%22%3A%5B87%5D%2C%22pan%22%3A%7B%22x%22%3A0.228%2C%22y%22%3A0.96%7D%2C%22view%22%3A%22info%22%2C%22zoom%22%3A0.427%7D
https://www.digitale-sammlungen.de/de/view/bsb11246750?page=264
https://www.digitale-sammlungen.de/de/view/bsb10467599?page=33
https://www.digitale-sammlungen.de/de/view/bsb10467599?page=33
https://digital.slub-dresden.de/werkansicht/dlf/89780/124
https://digital.slub-dresden.de/werkansicht/dlf/89780/117
https://digital.slub-dresden.de/werkansicht/dlf/89780/32
https://www.digitale-sammlungen.de/de/view/bsb10727721?page=84
https://www.digitale-sammlungen.de/de/view/bsb10727721?page=75
https://www.digitale-sammlungen.de/de/view/bsb10727721?page=68
https://www.digitale-sammlungen.de/de/view/bsb10727721?page=66
https://www.digitale-sammlungen.de/de/view/bsb10727721?page=62
https://www.digitale-sammlungen.de/de/view/bsb10727721?page=51
https://www.digitale-sammlungen.de/de/view/bsb10622201?page=114
https://www.digitale-sammlungen.de/de/view/bsb10622201?page=74
https://www.digitale-sammlungen.de/de/view/bsb10467054?page=34
https://www.digitale-sammlungen.de/de/view/bsb10466628?page=38
https://www.digitale-sammlungen.de/de/view/bsb10466628?page=37
https://www.digitale-bibliothek-mv.de/viewer/image/PPN559838239_2_1/391/
https://reise.isgv.de/logs/Q109943961
https://reise.isgv.de/logs/Q109943961
https://reise.isgv.de/logs/Q109943910
https://reise.isgv.de/logs/Q109943910
https://reise.isgv.de/logs/Q109943915
https://reise.isgv.de/logs/Q109944140
https://brema.suub.uni-bremen.de/content/pageview/2296811
https://reise.isgv.de/logs/Q109944156
https://digital.ulb.hhu.de/ulbdsp/periodical/pageview/5122758
https://reise.isgv.de/logs/Q109944011
https://reise.isgv.de/logs/Q109944011
https://reise.isgv.de/logs/Q109944158
https://reise.isgv.de/logs/Q109944158
https://reise.isgv.de/logs/Q109944003
https://digital.slub-dresden.de/werkansicht/dlf/99162/42
https://digital.slub-dresden.de/werkansicht/dlf/99162/16
https://digital.slub-dresden.de/werkansicht/dlf/99162/10
https://digi.ub.uni-heidelberg.de/diglit/hainhofer1901/0166/image,info
https://reise.isgv.de/logs/Q109943935
https://reise.isgv.de/logs/Q109943923
https://reise.isgv.de/logs/Q109943951
https://reise.isgv.de/logs/Q109944119
https://reise.isgv.de/logs/Q109943933
https://reise.isgv.de/logs/Q109943933
https://www.osmikon.de/Vta2/bsb00102949/ostdok:BV005204902?c=solrSearchOstdok&page=258
https://www.osmikon.de/Vta2/bsb00102949/ostdok:BV005204902?c=solrSearchOstdok&page=249
https://reise.isgv.de/logs/Q109944072
https://reise.isgv.de/logs/Q109944072
https://reise.isgv.de/logs/Q109944175
https://reise.isgv.de/logs/Q109944175
https://reise.isgv.de/logs/Q109944130