Index;Year;Title;Pages;Link;Folder;Downloaded
1;1586;Gründliche vnd warhafftige beschreibung Der Löblichen vnd Ritterlichen Reise vnd Meerfart in das heilige Land nach Hierusalem;Seite(n)99;https://www.digitale-sammlungen.de/en/view/bsb11211065?page=98,99;001_1586_Gründliche_vnd_warhafftige_beschreibung_Der_Löblichen_vnd_Ritterlichen_Reise_vnd_Meerfart_in_das_hei;
2;1586;Gründliche vnd warhafftige beschreibung Der Löblichen vnd Ritterlichen Reise vnd Meerfart in das heilige Land nach Hierusalem;Seite(n)23-24;https://www.digitale-sammlungen.de/en/view/bsb11211065?page=22,23;002_1586_Gründliche_vnd_warhafftige_beschreibung_Der_Löblichen_vnd_Ritterlichen_Reise_vnd_Meerfart_in_das_hei;
3;1604;Delitiarum Germaniae, tam superioris quam inferioris, Index simul & viatorius, indicans Itinera ex Augusta Vindelicorum, ad omnes civitates & oppida, tam in superiori quam inferiori Germania;Seite(n)155-156;https://www.digitale-sammlungen.de/de/view/bsb11095441?page=,1;003_1604_Delitiarum_Germaniae,_tam_superioris_quam_inferioris,_Index_simul_&_viatorius,_indicans_Itinera_ex_A;
4;1606;Summarische Verzeichnus einer Reyß, so der … Herr Friderich Hertzog zu Würtemberg und Teck … [et]c. im Jahr Christi 1580 gethon;Seite(n)12;https://diglib.hab.de/wdb.php?dir=drucke/gm-4947&pointer=19;004_1606_Summarische_Verzeichnus_einer_Reyß,_so_der_…_Herr_Friderich_Hertzog_zu_Würtemberg_und_Teck_…_[et]c._;
5;1609;Deliciarum Germaniae, Tam Superioris Quam Inferioris;Seite(n)285-287;https://www.digitale-sammlungen.de/de/view/bsb11095130?page=303;005_1609_Deliciarum_Germaniae,_Tam_Superioris_Quam_Inferioris;
6;1632;Itinerarium Germaniae Nov-Antiquae. Teutsches Reyßbuch durch Hoch- und Nider-Teutschland auch angräntzende, unnd benachbarte Königreich, Fürstenthumb und Lande;Seite(n)386-393;https://archive.org/details/itinerariumgerma00zeil/page/n409/mode/2up;006_1632_Itinerarium_Germaniae_Nov-Antiquae._Teutsches_Reyßbuch_durch_Hoch-_und_Nider-Teutschland_auch_angrän;
8;1690;Denckwürdige Reisebeschreibung durch Deutschland, Italien, Spanien, Portugall, Engeland, Franckreich und Schweitz;Seite(n)1002-1065;https://www.digitale-sammlungen.de/de/view/bsb10467335?page=1048;008_1690_Denckwürdige_Reisebeschreibung_durch_Deutschland,_Italien,_Spanien,_Portugall,_Engeland,_Franckreich;
9;1706;Die vornehmsten europäischen Reisen, wie solche durch Deutschland, Franckreich, Italien, Holl-und England, Dännemarck und Schweden anzustellen;Seite(n)56-57;https://digital.slub-dresden.de/werkansicht/dlf/57275/122;009_1706_Die_vornehmsten_europäischen_Reisen,_wie_solche_durch_Deutschland,_Franckreich,_Italien,_Holl-und_En;
10;1735;Curieuse Reise-Beschreibung des Herrn Androphili;Seite(n)602-604;https://digital.slub-dresden.de/werkansicht/dlf/3736/620;010_1735_Curieuse_Reise-Beschreibung_des_Herrn_Androphili;
11;1735;Curieuse Reise-Beschreibung des Herrn Androphili;Seite(n)534-544;https://digital.slub-dresden.de/werkansicht/dlf/3736/552;011_1735_Curieuse_Reise-Beschreibung_des_Herrn_Androphili;
12;1735;Curieuse Reise-Beschreibung des Herrn Androphili;Seite(n)462-517;https://digital.slub-dresden.de/werkansicht/dlf/3736/480;012_1735_Curieuse_Reise-Beschreibung_des_Herrn_Androphili;
13;1738;Briefe, welche das Merkwürdigste von seinen Reisen und die Eigenschaften derjenigen Personen, woraus die vornehmsten Höfe von Europa bestehen, in sich enthalten;Seite(n)140-194;https://www.digitale-sammlungen.de/de/view/bsb10467756?page=152;013_1738_Briefe,_welche_das_Merkwürdigste_von_seinen_Reisen_und_die_Eigenschaften_derjenigen_Personen,_woraus;
14;1739;Eines berühmten Cavaliers aus Schlesien, Curieuse Reisen durch Europa, in welcher allerhand Merckwürdigkeiten zu finden;Seite(n)428-437;https://digital.slub-dresden.de/werkansicht/dlf/55211/456;014_1739_Eines_berühmten_Cavaliers_aus_Schlesien,_Curieuse_Reisen_durch_Europa,_in_welcher_allerhand_Merckwür;
15;1740;Neueste Reisen durch Deutschland, Böhmen, Ungarn, die Schweitz, Italien und Lothringen;Seite(n)1052-1097;https://www.digitale-sammlungen.de/de/view/bsb11211808?page=1022;015_1740_Neueste_Reisen_durch_Deutschland,_Böhmen,_Ungarn,_die_Schweitz,_Italien_und_Lothringen;
16;1741;Anmerckungen derer Auf meiner Sächsischen Reysse gesehenen Merckwürdigkeiten Wie ich solche an unterschiedenen Orten meist nur kürtzlich aufgeschrieben;Seite(n)94;https://digital.slub-dresden.de/werkansicht/dlf/111740/118;016_1741_Anmerckungen_derer_Auf_meiner_Sächsischen_Reysse_gesehenen_Merckwürdigkeiten_Wie_ich_solche_an_unter;
17;1741;Anmerckungen derer Auf meiner Sächsischen Reysse gesehenen Merckwürdigkeiten Wie ich solche an unterschiedenen Orten meist nur kürtzlich aufgeschrieben;Seite(n)48-50;https://digital.slub-dresden.de/werkansicht/dlf/111740/68;017_1741_Anmerckungen_derer_Auf_meiner_Sächsischen_Reysse_gesehenen_Merckwürdigkeiten_Wie_ich_solche_an_unter;
19;1758;Historische Berichte und praktische Anmerkungen auf Reisen in Deutschland, in die Niederlande, in Frankreich, England, Dännemark, Böhmen und Ungarn;Seite(n)267-269;https://www.digi-hub.de/viewer/image/BV043965717/291/;019_1758_Historische_Berichte_und_praktische_Anmerkungen_auf_Reisen_in_Deutschland,_in_die_Niederlande,_in_Fr;
21;1774;Briefe eines aufmerksamen Reisenden die Musik betreffend;Seite(n)109-122;https://archive.org/details/BriefeEinesAufmerksamenReisendenDieMusikBetreffendBd.21776/page/n107/mode/2up;021_1774_Briefe_eines_aufmerksamen_Reisenden_die_Musik_betreffend;
22;1777;Briefe eines jungen Reisenden durch Liefland, Kurland und Deutschland;Seite(n)327-329;https://haab-digital.klassik-stiftung.de/viewer/image/1302496816/351/;022_1777_Briefe_eines_jungen_Reisenden_durch_Liefland,_Kurland_und_Deutschland;
23;1777;Briefe eines jungen Reisenden durch Liefland, Kurland und Deutschland;Seite(n)189-327;https://haab-digital.klassik-stiftung.de/viewer/image/1302496816/213/;023_1777_Briefe_eines_jungen_Reisenden_durch_Liefland,_Kurland_und_Deutschland;
24;1777;Briefe eines jungen Reisenden durch Liefland, Kurland und Deutschland;Seite(n)180-183;https://www.digitale-sammlungen.de/de/view/bsb10621069?page=34;024_1777_Briefe_eines_jungen_Reisenden_durch_Liefland,_Kurland_und_Deutschland;
25;1779;Briefe eines Engländers auf seiner Reise nach Berlin, Dresden, Wien, Haag, Rom, Neapolis und Ferney;Seite(n)30-37;https://www.digitale-sammlungen.de/de/view/bsb10621069?page=34;025_1779_Briefe_eines_Engländers_auf_seiner_Reise_nach_Berlin,_Dresden,_Wien,_Haag,_Rom,_Neapolis_und_Ferney;
26;1780;Freundschaftliche Nachrichten von einer Carlsbader Brunnenreise;Seite(n)90-96;https://digital.slub-dresden.de/werkansicht/dlf/66140/102;026_1780_Freundschaftliche_Nachrichten_von_einer_Carlsbader_Brunnenreise;
27;1780;Emanuel Hartensteins, eines perigrinirenden Weltbürgers, Reise von Berlin über Rostock nach Dreßden;Seite(n)158-162;https://www.digitale-sammlungen.de/de/view/bsb11251733?page=162;027_1780_Emanuel_Hartensteins,_eines_perigrinirenden_Weltbürgers,_Reise_von_Berlin_über_Rostock_nach_Dreßden;
28;1781;Nachrichten eines reisenden Passagiers von den wahren Begebenheiten, die sich auf seiner Reise … ereignet;Seite(n)4;https://digitale.bibliothek.uni-halle.de/vd18/content/pageview/13112948;028_1781_Nachrichten_eines_reisenden_Passagiers_von_den_wahren_Begebenheiten,_die_sich_auf_seiner_Reise_…_ere;
29;1782;Tagebuch einer gelehrten Reise 1750 durch einen Theil von Ober- und Nieder-Sachsen;Seite(n)14-30;https://digital.slub-dresden.de/werkansicht/dlf/79601/26;029_1782_Tagebuch_einer_gelehrten_Reise_1750_durch_einen_Theil_von_Ober-_und_Nieder-Sachsen;
30;1782;Tagebuch einer gelehrten Reise 1750 durch einen Theil von Ober- und Nieder-Sachsen;Seite(n)13-14;https://digital.slub-dresden.de/werkansicht/dlf/79601/25;030_1782_Tagebuch_einer_gelehrten_Reise_1750_durch_einen_Theil_von_Ober-_und_Nieder-Sachsen;
31;1782;Bemerkungen über verschiedene Gegenstände auf einer Reise durch einige deutsche Provinzen;Seite(n)168-207;https://www.digitale-sammlungen.de/de/view/bsb10470130?page=188;031_1782_Bemerkungen_über_verschiedene_Gegenstände_auf_einer_Reise_durch_einige_deutsche_Provinzen;
32;1782;Reise von Dresden nach Teplitz in Böhmen;Seite(n)29;https://www.digitale-sammlungen.de/de/view/bsb10008768?page=41;032_1782_Reise_von_Dresden_nach_Teplitz_in_Böhmen;
33;1783;Der durch Preußen und Sachsen reisende Weltbürger;Seite(n)95-99;https://digitale.bibliothek.uni-halle.de/vd18/content/pageview/10349070;033_1783_Der_durch_Preußen_und_Sachsen_reisende_Weltbürger;
34;1783;Herrn G. E. von R. Reise von Wien nach Böhmen und Sachsen, im May 1783;Seite(n)312-313;https://digital.slub-dresden.de/werkansicht/dlf/79016/322;034_1783_Herrn_G._E._von_R._Reise_von_Wien_nach_Böhmen_und_Sachsen,_im_May_1783;
35;1783;Herrn G. E. von R. Reise von Wien nach Böhmen und Sachsen, im May 1783;Seite(n)299-304;https://digital.slub-dresden.de/werkansicht/dlf/79016/309;035_1783_Herrn_G._E._von_R._Reise_von_Wien_nach_Böhmen_und_Sachsen,_im_May_1783;
36;1783;Briefe eines reisenden Franzosen über Deutschland. An seinen Bruder zu Paris;Seite(n)6-19;https://www.digitale-sammlungen.de/de/view/bsb10467957?page=6;036_1783_Briefe_eines_reisenden_Franzosen_über_Deutschland._An_seinen_Bruder_zu_Paris;
37;1783;Bemerkungen auf einer Reise durch die Lausitz und Sachsen;Seite(n)127-132;https://www.digitale-sammlungen.de/de/view/bsb10926840?page=137;037_1783_Bemerkungen_auf_einer_Reise_durch_die_Lausitz_und_Sachsen;
38;1783;Bemerkungen auf einer Reise durch die Lausitz und Sachsen;Seite(n)124;https://www.digitale-sammlungen.de/de/view/bsb10926840?page=134;038_1783_Bemerkungen_auf_einer_Reise_durch_die_Lausitz_und_Sachsen;
40;1784;Briefe eines Reisenden aus Sachsen;Seite(n)922-923;https://ds.ub.uni-bielefeld.de/viewer/image/2238504_004/341/;040_1784_Briefe_eines_Reisenden_aus_Sachsen;
41;1784;Beobachtungen über verschiedene Gegenstände auf einer Reise im Sommer 1783 nach Pyrmont, Braunschweig, Lauchstädt, Leipzig, Dresden, Töplitz, Berlin, Potsdam, Dessau und Bremen;Seite(n)29;https://digitale.bibliothek.uni-halle.de/vd18/content/pageview/4795626;041_1784_Beobachtungen_über_verschiedene_Gegenstände_auf_einer_Reise_im_Sommer_1783_nach_Pyrmont,_Braunschwei;
42;1784;Beobachtungen über verschiedene Gegenstände auf einer Reise im Sommer 1783 nach Pyrmont, Braunschweig, Lauchstädt, Leipzig, Dresden, Töplitz, Berlin, Potsdam, Dessau und Bremen;Seite(n)27;https://digitale.bibliothek.uni-halle.de/vd18/content/pageview/4795624;042_1784_Beobachtungen_über_verschiedene_Gegenstände_auf_einer_Reise_im_Sommer_1783_nach_Pyrmont,_Braunschwei;
43;1784;Beobachtungen über verschiedene Gegenstände auf einer Reise im Sommer 1783 nach Pyrmont, Braunschweig, Lauchstädt, Leipzig, Dresden, Töplitz, Berlin, Potsdam, Dessau und Bremen;Seite(n)21-25;https://digitale.bibliothek.uni-halle.de/vd18/content/pageview/4795618;043_1784_Beobachtungen_über_verschiedene_Gegenstände_auf_einer_Reise_im_Sommer_1783_nach_Pyrmont,_Braunschwei;
44;1784;Beobachtungen über verschiedene Gegenstände auf einer Reise im Sommer 1783 nach Pyrmont, Braunschweig, Lauchstädt, Leipzig, Dresden, Töplitz, Berlin, Potsdam, Dessau und Bremen;Seite(n)15;https://digitale.bibliothek.uni-halle.de/vd18/content/pageview/4795612;044_1784_Beobachtungen_über_verschiedene_Gegenstände_auf_einer_Reise_im_Sommer_1783_nach_Pyrmont,_Braunschwei;
45;1785;Eine Frühlingsreise über Halle, Leipzig und Altenburg nach Dresden im Jahre 1784;Seite(n)372-373;https://www.digitale-sammlungen.de/de/view/bsb10614688?page=384;045_1785_Eine_Frühlingsreise_über_Halle,_Leipzig_und_Altenburg_nach_Dresden_im_Jahre_1784;
46;1785;Beschreibung seiner Reise durch Ober- und Nieder-Sachsen und Hessen;Seite(n)111-139;https://digital.slub-dresden.de/werkansicht/dlf/55914/125;046_1785_Beschreibung_seiner_Reise_durch_Ober-_und_Nieder-Sachsen_und_Hessen;
49;1786;Kleine Wanderungen durch Teutschland;Seite(n)142-220;https://www.digitale-sammlungen.de/de/view/bsb10468145?page=146;049_1786_Kleine_Wanderungen_durch_Teutschland;
50;1786;Briefe über Sachsen von einem Reisenden;Seite(n)59-68;https://www.digitale-sammlungen.de/de/view/bsb10466437?q=%28Briefe+%C3%BCber+Sachsen+von+einem+Reisenden%29&page=62,63;050_1786_Briefe_über_Sachsen_von_einem_Reisenden;
51;1786;Briefe über Sachsen von einem Reisenden;Seite(n)54-56;https://www.digitale-sammlungen.de/de/view/bsb10466437?q=%28Briefe+%C3%BCber+Sachsen+von+einem+Reisenden%29&page=58,59;051_1786_Briefe_über_Sachsen_von_einem_Reisenden;
52;1786;Briefe über Sachsen von einem Reisenden;Seite(n)52-53;https://www.digitale-sammlungen.de/de/view/bsb10466437?q=%28Briefe+%C3%BCber+Sachsen+von+einem+Reisenden%29&page=56,57;052_1786_Briefe_über_Sachsen_von_einem_Reisenden;
53;1786;Briefe über Sachsen von einem Reisenden;Seite(n)49-51;https://www.digitale-sammlungen.de/de/view/bsb10466437?q=%28Briefe+%C3%BCber+Sachsen+von+einem+Reisenden%29&page=52,53;053_1786_Briefe_über_Sachsen_von_einem_Reisenden;
54;1786;Briefe über Sachsen von einem Reisenden;Seite(n)47;https://www.digitale-sammlungen.de/de/view/bsb10466437?q=%28Briefe+%C3%BCber+Sachsen+von+einem+Reisenden%29&page=50,51;054_1786_Briefe_über_Sachsen_von_einem_Reisenden;
55;1786;Briefe über Sachsen von einem Reisenden;Seite(n)16-68;https://www.digitale-sammlungen.de/de/view/bsb10466437?q=%28Briefe+%C3%BCber+Sachsen+von+einem+Reisenden%29&page=20,21;055_1786_Briefe_über_Sachsen_von_einem_Reisenden;
56;1786;Briefe über Sachsen von einem Reisenden;Seite(n)14-16;https://www.digitale-sammlungen.de/de/view/bsb10466437?q=%28Briefe+%C3%BCber+Sachsen+von+einem+Reisenden%29&page=18,19;056_1786_Briefe_über_Sachsen_von_einem_Reisenden;
57;1787;Briefe über Herrnhut und andere Orte der Oberlausitz;Seite(n)9-12;https://digital.slub-dresden.de/werkansicht/dlf/2424/29;057_1787_Briefe_über_Herrnhut_und_andere_Orte_der_Oberlausitz;
58;1787;Reise von Wien über Prag, Dresden und durch einen Theil der Lausitz nach Berlin und Potsdam;Seite(n)69-71;https://digital.slub-dresden.de/werkansicht/dlf/55644/83;058_1787_Reise_von_Wien_über_Prag,_Dresden_und_durch_einen_Theil_der_Lausitz_nach_Berlin_und_Potsdam;
59;1787;Reise von Wien über Prag, Dresden und durch einen Theil der Lausitz nach Berlin und Potsdam;Seite(n)13-49;https://digital.slub-dresden.de/werkansicht/dlf/55644/27;059_1787_Reise_von_Wien_über_Prag,_Dresden_und_durch_einen_Theil_der_Lausitz_nach_Berlin_und_Potsdam;
60;1789;Bemerkungen auf der Reise durch Frankreich, Italien und Deutschland;Seite(n)350-374;https://www.digitale-sammlungen.de/de/view/bsb10467735?page=352;060_1789_Bemerkungen_auf_der_Reise_durch_Frankreich,_Italien_und_Deutschland;
61;1790;Bemerkungen auf einer Reise von Thorn durch Posen nach Sachsen;Seite(n)142-144;https://digital.slub-dresden.de/werkansicht/dlf/1821/154;061_1790_Bemerkungen_auf_einer_Reise_von_Thorn_durch_Posen_nach_Sachsen;
62;1790;Bemerkungen auf einer Reise von Thorn durch Posen nach Sachsen;Seite(n)106-122;https://digital.slub-dresden.de/werkansicht/dlf/1821/118;062_1790_Bemerkungen_auf_einer_Reise_von_Thorn_durch_Posen_nach_Sachsen;
63;1790;Bemerkungen auf einer Reise von Thorn durch Posen nach Sachsen;Seite(n)83-104;https://digital.slub-dresden.de/werkansicht/dlf/1821/95;063_1790_Bemerkungen_auf_einer_Reise_von_Thorn_durch_Posen_nach_Sachsen;
64;1791;Briefe einer Curländerinn auf einer Reise durch Deutschland;Seite(n)81;https://www.digitale-sammlungen.de/de/view/bsb00075073?q=%28briefe+einer+curl%C3%A4nderinn%29&page=82,83;064_1791_Briefe_einer_Curländerinn_auf_einer_Reise_durch_Deutschland;
65;1791;Briefe einer Curländerinn auf einer Reise durch Deutschland;Seite(n)166;https://www.digitale-sammlungen.de/de/view/bsb00075072?q=%28Briefe+einer+Curl%C3%A4nderinn+Auf+einer+Reise+durch+Deutschland,+Zwei+Theile,+Bd.%3A%29&page=178,179;065_1791_Briefe_einer_Curländerinn_auf_einer_Reise_durch_Deutschland;
66;1791;Briefe einer Curländerinn auf einer Reise durch Deutschland;Seite(n)107-115;https://www.digitale-sammlungen.de/de/view/bsb00075072?q=%28Briefe+einer+Curl%C3%A4nderinn+Auf+einer+Reise+durch+Deutschland,+Zwei+Theile,+Bd.%3A%29&page=118,119;066_1791_Briefe_einer_Curländerinn_auf_einer_Reise_durch_Deutschland;
67;1791;Briefe einer Curländerinn auf einer Reise durch Deutschland;Seite(n)71-75;https://www.digitale-sammlungen.de/de/view/bsb00075072?q=%28Briefe+einer+Curl%C3%A4nderinn+Auf+einer+Reise+durch+Deutschland,+Zwei+Theile,+Bd.%3A%29&page=82,83;067_1791_Briefe_einer_Curländerinn_auf_einer_Reise_durch_Deutschland;
68;1791;Briefe einer Curländerinn auf einer Reise durch Deutschland;Seite(n)62-66;https://www.digitale-sammlungen.de/de/view/bsb00075072?q=%28Briefe+einer+Curl%C3%A4nderinn+Auf+einer+Reise+durch+Deutschland,+Zwei+Theile,+Bd.%3A%29&page=74,75;068_1791_Briefe_einer_Curländerinn_auf_einer_Reise_durch_Deutschland;
70;1793;Bemerkungen auf einer Reise von Jena nach Altenburg, Dresden, Königstein und Meißen;Seite(n)341;https://ds.ub.uni-bielefeld.de/viewer/image/1921388_010/357/;070_1793_Bemerkungen_auf_einer_Reise_von_Jena_nach_Altenburg,_Dresden,_Königstein_und_Meißen;
71;1793;Bemerkungen auf einer Reise von Jena nach Altenburg, Dresden, Königstein und Meißen;Seite(n)325-333;https://ds.ub.uni-bielefeld.de/viewer/image/1921388_010/341/;071_1793_Bemerkungen_auf_einer_Reise_von_Jena_nach_Altenburg,_Dresden,_Königstein_und_Meißen;
72;1793;Briefe eines reisenden Dänen. Geschrieben im Jahre 1791 und 1792 während seiner Reise durch einen Theil Deutschlands, der Schweiz und Frankreichs;Seite(n)62-63;https://www.digitale-sammlungen.de/de/view/bsb10468214?page=70;072_1793_Briefe_eines_reisenden_Dänen._Geschrieben_im_Jahre_1791_und_1792_während_seiner_Reise_durch_einen_Th;
73;1793;Briefe eines reisenden Dänen. Geschrieben im Jahre 1791 und 1792 während seiner Reise durch einen Theil Deutschlands, der Schweiz und Frankreichs;Seite(n)58-60;https://www.digitale-sammlungen.de/de/view/bsb10468214?page=66;073_1793_Briefe_eines_reisenden_Dänen._Geschrieben_im_Jahre_1791_und_1792_während_seiner_Reise_durch_einen_Th;
74;1793;Briefe eines reisenden Dänen. Geschrieben im Jahre 1791 und 1792 während seiner Reise durch einen Theil Deutschlands, der Schweiz und Frankreichs;Seite(n)30;https://www.digitale-sammlungen.de/de/view/bsb10468214?page=38;074_1793_Briefe_eines_reisenden_Dänen._Geschrieben_im_Jahre_1791_und_1792_während_seiner_Reise_durch_einen_Th;
75;1793;Briefe auf einer Reise durch Deutschland im Jahre 1791;Seite(n)197-201;https://www.digitale-sammlungen.de/de/view/bsb11095835?page=215;075_1793_Briefe_auf_einer_Reise_durch_Deutschland_im_Jahre_1791;
76;1793;Briefe auf einer Reise durch Deutschland im Jahre 1791;Seite(n)154-197;https://www.digitale-sammlungen.de/de/view/bsb11095835?page=172;076_1793_Briefe_auf_einer_Reise_durch_Deutschland_im_Jahre_1791;
80;1794;Reise in Deutschland, der Schweiz, Italien und Sicilien;Seite(n)398;https://www.digitale-sammlungen.de/de/view/bsb10468286?page=402;080_1794_Reise_in_Deutschland,_der_Schweiz,_Italien_und_Sicilien;
81;1795;Kleine Wanderungen durch Sachsen und Brandenburg;Seite(n)66-102;https://digital.slub-dresden.de/werkansicht/dlf/69234/82;081_1795_Kleine_Wanderungen_durch_Sachsen_und_Brandenburg;
82;1795;Kleine Wanderungen durch Sachsen und Brandenburg;Seite(n)23-48;https://digital.slub-dresden.de/werkansicht/dlf/69234/39;082_1795_Kleine_Wanderungen_durch_Sachsen_und_Brandenburg;
83;1795;Reise eines Liefländers von Riga nach Warschau, durch Südpreußen, über Breslau, Dresden, Karlsbad, Bayreuth, Nürnberg, Regensburg, München, Salzburg, Linz, Wien und Klagenfurt, nach Bozen in Tyrol;Seite(n)35-36;https://www.deutschestextarchiv.de/book/view/schulz_reise03_1795?p=43;083_1795_Reise_eines_Liefländers_von_Riga_nach_Warschau,_durch_Südpreußen,_über_Breslau,_Dresden,_Karlsbad,_B;
84;1795;Reise eines Liefländers von Riga nach Warschau, durch Südpreußen, über Breslau, Dresden, Karlsbad, Bayreuth, Nürnberg, Regensburg, München, Salzburg, Linz, Wien und Klagenfurt, nach Bozen in Tyrol;Seite(n)5-35;https://www.deutschestextarchiv.de/book/view/schulz_reise03_1795?p=13;084_1795_Reise_eines_Liefländers_von_Riga_nach_Warschau,_durch_Südpreußen,_über_Breslau,_Dresden,_Karlsbad,_B;
85;1795;Reise eines Liefländers von Riga nach Warschau, durch Südpreußen, über Breslau, Dresden, Karlsbad, Bayreuth, Nürnberg, Regensburg, München, Salzburg, Linz, Wien und Klagenfurt, nach Bozen in Tyrol;Seite(n)238-241;https://www.deutschestextarchiv.de/book/view/schulz_reise0202_1795?p=248;085_1795_Reise_eines_Liefländers_von_Riga_nach_Warschau,_durch_Südpreußen,_über_Breslau,_Dresden,_Karlsbad,_B;
86;1795;Reise eines Liefländers von Riga nach Warschau, durch Südpreußen, über Breslau, Dresden, Karlsbad, Bayreuth, Nürnberg, Regensburg, München, Salzburg, Linz, Wien und Klagenfurt, nach Bozen in Tyrol;Seite(n)237-238;https://www.deutschestextarchiv.de/book/view/schulz_reise0202_1795?p=247;086_1795_Reise_eines_Liefländers_von_Riga_nach_Warschau,_durch_Südpreußen,_über_Breslau,_Dresden,_Karlsbad,_B;
87;1795;Hans Kiekindiewelts Reisen in alle vier Weltteile und andere Schriften;Seite(n)166-229;https://digital.slub-dresden.de/werkansicht/dlf/55979/172;087_1795_Hans_Kiekindiewelts_Reisen_in_alle_vier_Weltteile_und_andere_Schriften;
88;1795;Hans Kiekindiewelts Reisen in alle vier Weltteile und andere Schriften;Seite(n)130-166;https://digital.slub-dresden.de/werkansicht/dlf/55979/136;088_1795_Hans_Kiekindiewelts_Reisen_in_alle_vier_Weltteile_und_andere_Schriften;
89;1795;Hans Kiekindiewelts Reisen in alle vier Weltteile und andere Schriften;Seite(n)372-385;https://www.wikidata.org/.well-known/genid/3d72d55d7c9f79c934bd36c67567c78b;089_1795_Hans_Kiekindiewelts_Reisen_in_alle_vier_Weltteile_und_andere_Schriften;
90;1795;Wanderungen und Kreuzzüge durch einen Theil Deutschlands;Seite(n)176-266;https://www.digitale-sammlungen.de/de/view/bsb10469118?page=176;090_1795_Wanderungen_und_Kreuzzüge_durch_einen_Theil_Deutschlands;
91;1795;Wanderungen und Kreuzzüge durch einen Theil Deutschlands;Seite(n)141-169;https://www.digitale-sammlungen.de/de/view/bsb10469118?page=141;091_1795_Wanderungen_und_Kreuzzüge_durch_einen_Theil_Deutschlands;
92;1795;Wanderungen und Kreuzzüge durch einen Theil Deutschlands;Seite(n)138-141;https://www.digitale-sammlungen.de/de/view/bsb10469118?page=138;092_1795_Wanderungen_und_Kreuzzüge_durch_einen_Theil_Deutschlands;
93;1795;Bemerkungen auf einer Reise von Kopenhagen nach Wien im Jahr 1793;Seite(n)54-66;https://www.digitale-sammlungen.de/de/view/bsb10468856?page=58;093_1795_Bemerkungen_auf_einer_Reise_von_Kopenhagen_nach_Wien_im_Jahr_1793;
94;1796;Wanderungen in Sachsen, Schlesien, Glatz und Böhmen;Seite(n)4-5;https://sammlungen.ulb.uni-muenster.de/hd/content/pageview/489974;094_1796_Wanderungen_in_Sachsen,_Schlesien,_Glatz_und_Böhmen;
95;1796;Reisen durch Deutschland, Frankreich, England und Holland in verschiedener, besonders politischer Hinsicht;Seite(n)207-214;https://www.digitale-sammlungen.de/de/view/bsb11249684?page=213;095_1796_Reisen_durch_Deutschland,_Frankreich,_England_und_Holland_in_verschiedener,_besonders_politischer_Hi;
96;1796;Reisen durch Deutschland, Frankreich, England und Holland in verschiedener, besonders politischer Hinsicht;Seite(n)154-155;https://www.digitale-sammlungen.de/de/view/bsb11249684?page=160;096_1796_Reisen_durch_Deutschland,_Frankreich,_England_und_Holland_in_verschiedener,_besonders_politischer_Hi;
97;1796;Wanderungen durch die Niederlande, Deutschland, die Schweiz und Italien 1793 und 1794;Seite(n)499-502;https://www.digitale-sammlungen.de/de/view/bsb10467215?page=519;097_1796_Wanderungen_durch_die_Niederlande,_Deutschland,_die_Schweiz_und_Italien_1793_und_1794;
98;1797;Reisen und merkwürdige Nachrichten zweier Neufranken durch Deutschland, Rußland, Polen und die Oesterreichischen Staaten während des jetzigen wichtigen Krieges;Seite(n)30-53;https://www.digitale-sammlungen.de/de/view/bsb10469984?page=36;098_1797_Reisen_und_merkwürdige_Nachrichten_zweier_Neufranken_durch_Deutschland,_Rußland,_Polen_und_die_Oeste;
99;1798;Erzählungen von einer Reise durch einen großen Theil Deutschlands und der Schweiz, im Jahre 1796;Seite(n)54-67;https://www.digitale-sammlungen.de/de/view/bsb11095854?page=68;099_1798_Erzählungen_von_einer_Reise_durch_einen_großen_Theil_Deutschlands_und_der_Schweiz,_im_Jahre_1796;
100;1798;Erzählungen von einer Reise durch einen großen Theil Deutschlands und der Schweiz, im Jahre 1796;Seite(n)17-44;https://www.digitale-sammlungen.de/de/view/bsb11095854?page=31;100_1798_Erzählungen_von_einer_Reise_durch_einen_großen_Theil_Deutschlands_und_der_Schweiz,_im_Jahre_1796;
101;1798;Meine Reise in das Sächsische Erzgebirge im Monath August 1798;Seite(n)36;https://digital.slub-dresden.de/werkansicht/dlf/78092/40;101_1798_Meine_Reise_in_das_Sächsische_Erzgebirge_im_Monath_August_1798;
102;1798;Meine Reise in das Sächsische Erzgebirge im Monath August 1798;Seite(n)10-11;https://digital.slub-dresden.de/werkansicht/dlf/78092/14;102_1798_Meine_Reise_in_das_Sächsische_Erzgebirge_im_Monath_August_1798;
104;1798;Reisen nach und in der Oberlausitz;Seite(n)239;https://www.digitale-sammlungen.de/de/view/bsb11095838?page=383;104_1798_Reisen_nach_und_in_der_Oberlausitz;
105;1798;Reisen nach und in der Oberlausitz;Seite(n)12-16;https://www.digitale-sammlungen.de/de/view/bsb11095838?page=150;105_1798_Reisen_nach_und_in_der_Oberlausitz;
106;1798;Gemälde über die Ober-Lausitz. Gesammelt auf einer kleinen Fußreise;Seite(n)239;https://digital.slub-dresden.de/werkansicht/dlf/77508/247;106_1798_Gemälde_über_die_Ober-Lausitz._Gesammelt_auf_einer_kleinen_Fußreise;
107;1798;Gemälde über die Ober-Lausitz. Gesammelt auf einer kleinen Fußreise;Seite(n)12-21;https://digital.slub-dresden.de/werkansicht/dlf/77508/20;107_1798_Gemälde_über_die_Ober-Lausitz._Gesammelt_auf_einer_kleinen_Fußreise;
108;1798;Fußreise von Dresden nach den zwei verfallenen Bergschlössern, die Rathen, und die dortige Gegend;Seite(n)47-50;https://www.digitale-sammlungen.de/de/view/bsb11095838?page=69;108_1798_Fußreise_von_Dresden_nach_den_zwei_verfallenen_Bergschlössern,_die_Rathen,_und_die_dortige_Gegend;
109;1798;Eine kleine Fußreise von Dresden nach Pirna. An Herrn J. Hermsdorf in Görlitz;Seite(n)30-31;https://www.digitale-sammlungen.de/de/view/bsb11095838?page=168;109_1798_Eine_kleine_Fußreise_von_Dresden_nach_Pirna._An_Herrn_J._Hermsdorf_in_Görlitz;
110;1798;Eine kleine Fußreise von Dresden nach Pirna. An Herrn J. Hermsdorf in Görlitz;Seite(n)5-7;https://www.digitale-sammlungen.de/de/view/bsb11095838?page=27;110_1798_Eine_kleine_Fußreise_von_Dresden_nach_Pirna._An_Herrn_J._Hermsdorf_in_Görlitz;
111;1799;Neue Ansicht von Dresden. Für Reisende von einem Reisenden;Seite(n)2-218;https://digital.slub-dresden.de/werkansicht/dlf/80669/10;111_1799_Neue_Ansicht_von_Dresden._Für_Reisende_von_einem_Reisenden;
112;1799;Briefe eines reisenden Russen;Seite(n)192-216;https://www.digitale-sammlungen.de/de/view/bsb10470042?page=222;112_1799_Briefe_eines_reisenden_Russen;
113;1799;Meine Reise im deutschen Vaterlande, aus Thüringen ins Riesengebürge zu den Elbquellen und durch Böhmen ins Erzgebürge;Seite(n)51-78;https://digital.slub-dresden.de/werkansicht/dlf/90361/63;113_1799_Meine_Reise_im_deutschen_Vaterlande,_aus_Thüringen_ins_Riesengebürge_zu_den_Elbquellen_und_durch_Böh;
114;1799;Meine Reise im deutschen Vaterlande, aus Thüringen ins Riesengebürge zu den Elbquellen und durch Böhmen ins Erzgebürge;Seite(n)44-46;https://digital.slub-dresden.de/werkansicht/dlf/90361/56;114_1799_Meine_Reise_im_deutschen_Vaterlande,_aus_Thüringen_ins_Riesengebürge_zu_den_Elbquellen_und_durch_Böh;
115;1799;Meine Reise im deutschen Vaterlande, aus Thüringen ins Riesengebürge zu den Elbquellen und durch Böhmen ins Erzgebürge;Seite(n)28-38;https://digital.slub-dresden.de/werkansicht/dlf/90361/40;115_1799_Meine_Reise_im_deutschen_Vaterlande,_aus_Thüringen_ins_Riesengebürge_zu_den_Elbquellen_und_durch_Böh;
116;1799;Beschreibung einer Wasserreise von Außig nach Dresden;Seite(n)207-208;https://ds.ub.uni-bielefeld.de/viewer/image/1921388_028/221/;116_1799_Beschreibung_einer_Wasserreise_von_Außig_nach_Dresden;
117;1800;Pitoreskische Reisen durch Sachsen oder Naturschönheiten sächsischer Gegenden auf einer gesellschaftlichen Reise;Seite(n)63-76;https://digitale.bibliothek.uni-halle.de/vd18/content/pageview/6290952;117_1800_Pitoreskische_Reisen_durch_Sachsen_oder_Naturschönheiten_sächsischer_Gegenden_auf_einer_gesellschaft;
118;1800;Pitoreskische Reisen durch Sachsen oder Naturschönheiten sächsischer Gegenden auf einer gesellschaftlichen Reise;Seite(n)3-16;https://digitale.bibliothek.uni-halle.de/vd18/content/pageview/6290892;118_1800_Pitoreskische_Reisen_durch_Sachsen_oder_Naturschönheiten_sächsischer_Gegenden_auf_einer_gesellschaft;
119;1801;Schönheiten der Natur und Kunst dargestellt auf einer Reise durch einen Theil der Sächsischen Staaten;Seite(n)624-634;https://digital.slub-dresden.de/werkansicht/dlf/93539/529;119_1801_Schönheiten_der_Natur_und_Kunst_dargestellt_auf_einer_Reise_durch_einen_Theil_der_Sächsischen_Staate;
120;1801;Schönheiten der Natur und Kunst dargestellt auf einer Reise durch einen Theil der Sächsischen Staaten;Seite(n)521-621;https://digital.slub-dresden.de/werkansicht/?id=5363&tx_dlf%5Bid%5D=93539&tx_dlf%5Bpage%5D=456;120_1801_Schönheiten_der_Natur_und_Kunst_dargestellt_auf_einer_Reise_durch_einen_Theil_der_Sächsischen_Staate;
121;1801;Schönheiten der Natur und Kunst dargestellt auf einer Reise durch einen Theil der Sächsischen Staaten;Seite(n)448-510;https://digital.slub-dresden.de/werkansicht/?id=5363&tx_dlf%5Bid%5D=93539&tx_dlf%5Bpage%5D=318;121_1801_Schönheiten_der_Natur_und_Kunst_dargestellt_auf_einer_Reise_durch_einen_Theil_der_Sächsischen_Staate;
122;1801;Schönheiten der Natur und Kunst dargestellt auf einer Reise durch einen Theil der Sächsischen Staaten;Seite(n)310-390;https://www.digitale-sammlungen.de/de/view/bsb10467220?page=318;122_1801_Schönheiten_der_Natur_und_Kunst_dargestellt_auf_einer_Reise_durch_einen_Theil_der_Sächsischen_Staate;
123;1801;Reise durch Deutschland, Dänemark, Schweden, Norwegen und einen Theil von Italien, in den Jahren 1797, 1798, 1799;Seite(n)294-298;https://www.digitale-sammlungen.de/de/view/bsb10467220?page=280;123_1801_Reise_durch_Deutschland,_Dänemark,_Schweden,_Norwegen_und_einen_Theil_von_Italien,_in_den_Jahren_179;
128;1801;Meine Freuden in Sachsen;Seite(n)76-78;https://www.digitale-sammlungen.de/de/view/bsb10468177?page=25;128_1801_Meine_Freuden_in_Sachsen;
129;1803;Spaziergang nach Syrakus;Seite(n)3-10;https://digital.slub-dresden.de/werkansicht/dlf/94391/47;129_1803_Spaziergang_nach_Syrakus;
135;1805;Reisen durch einen Theil Deutschlands vorzüglich durch Sachsen, Thüringen, Franken etc.;Seite(n)81-83;https://digital.slub-dresden.de/werkansicht/dlf/101203/134;135_1805_Reisen_durch_einen_Theil_Deutschlands_vorzüglich_durch_Sachsen,_Thüringen,_Franken_etc.;
138;1805;Fußreise durch Sachsen und dessen romantische Schweizergegenden, einen Theil der Anhaltschen, Brandenburg und Braunschweigschen Lande nach Hannover;Seite(n)25-28;https://www.digitale-sammlungen.de/de/view/bsb10467875?page=320;138_1805_Fußreise_durch_Sachsen_und_dessen_romantische_Schweizergegenden,_einen_Theil_der_Anhaltschen,_Brande;
144;1807;Beobachtungen und Fantasien auf einer Reise durch Sachsen und Brandenburg im Herbst 1802;Seite(n)191-193;https://www.digitale-sammlungen.de/de/view/bsb10468464?page=285;144_1807_Beobachtungen_und_Fantasien_auf_einer_Reise_durch_Sachsen_und_Brandenburg_im_Herbst_1802;
145;1808;Briefe über Polen, Österreich, Sachsen, Bayern, Italien, Etrurien, den Kirchenstaat und Neapel, an die Comtesse Constance de S.;Seite(n)277-295;https://www.digitale-sammlungen.de/de/view/bsb10724489?page=144;145_1808_Briefe_über_Polen,_Österreich,_Sachsen,_Bayern,_Italien,_Etrurien,_den_Kirchenstaat_und_Neapel,_an_d;
149;1808;Reise durch Schottland, seine Inseln, Dänemark und einen Theil von Deutschland;Seite(n)210-219;https://digital.slub-dresden.de/werkansicht/dlf/101035/80;149_1808_Reise_durch_Schottland,_seine_Inseln,_Dänemark_und_einen_Theil_von_Deutschland;
150;1808;Bemerkungen auf einer Reise von Wittenberg nach Dresden, Pirna u.s.w. im Sommer 1807;Seite(n)70;https://digital.slub-dresden.de/werkansicht/dlf/101035/57;150_1808_Bemerkungen_auf_einer_Reise_von_Wittenberg_nach_Dresden,_Pirna_u.s.w._im_Sommer_1807;
151;1808;Bemerkungen auf einer Reise von Wittenberg nach Dresden, Pirna u.s.w. im Sommer 1807;Seite(n)47-57;https://digital.slub-dresden.de/werkansicht/dlf/101035/33;151_1808_Bemerkungen_auf_einer_Reise_von_Wittenberg_nach_Dresden,_Pirna_u.s.w._im_Sommer_1807;
152;1808;Bemerkungen auf einer Reise von Wittenberg nach Dresden, Pirna u.s.w. im Sommer 1807;Seite(n)23-27;https://digital.slub-dresden.de/werkansicht/dlf/101035/27;152_1808_Bemerkungen_auf_einer_Reise_von_Wittenberg_nach_Dresden,_Pirna_u.s.w._im_Sommer_1807;
153;1808;Bemerkungen auf einer Reise von Wittenberg nach Dresden, Pirna u.s.w. im Sommer 1807;Seite(n)17-18;https://digital.slub-dresden.de/werkansicht/dlf/101044/368;153_1808_Bemerkungen_auf_einer_Reise_von_Wittenberg_nach_Dresden,_Pirna_u.s.w._im_Sommer_1807;
154;1808;Bemerkungen auf meiner Reise von Wittenberg aus durch einen Theil des Wittenbergischen Kreises, die Nieder- und Oberlausitz und einen Theil des Meißnischen Kreises;Seite(n)318-323;https://digital.slub-dresden.de/werkansicht/dlf/101044/333;154_1808_Bemerkungen_auf_meiner_Reise_von_Wittenberg_aus_durch_einen_Theil_des_Wittenbergischen_Kreises,_die_;
155;1808;Bemerkungen auf meiner Reise von Wittenberg aus durch einen Theil des Wittenbergischen Kreises, die Nieder- und Oberlausitz und einen Theil des Meißnischen Kreises;Seite(n)283-306;https://www.digitale-sammlungen.de/de/view/bsb11095837?page=74;155_1808_Bemerkungen_auf_meiner_Reise_von_Wittenberg_aus_durch_einen_Theil_des_Wittenbergischen_Kreises,_die_;
156;1808;Gedichte und Selbstbiographie, Teil 2: Reise durch einen Theil von Sachsen, Böhmen, Oesterreich und Ungarn;Seite(n)52-77;https://www.digitale-sammlungen.de/de/view/bsb10469652?page=430;156_1808_Gedichte_und_Selbstbiographie,_Teil_2_Reise_durch_einen_Theil_von_Sachsen,_Böhmen,_Oesterreich_und_U;
157;1809;Neues Handbuch für Reisende jeder Gattung durch Deutschland und die angränzenden Länder;Seite(n)382-384;https://www.digitale-sammlungen.de/de/view/bsb10469652?page=362;157_1809_Neues_Handbuch_für_Reisende_jeder_Gattung_durch_Deutschland_und_die_angränzenden_Länder;
158;1809;Neues Handbuch für Reisende jeder Gattung durch Deutschland und die angränzenden Länder;Seite(n)314;https://www.digitale-sammlungen.de/de/view/bsb10469652?page=360;158_1809_Neues_Handbuch_für_Reisende_jeder_Gattung_durch_Deutschland_und_die_angränzenden_Länder;
159;1809;Neues Handbuch für Reisende jeder Gattung durch Deutschland und die angränzenden Länder;Seite(n)312-313;https://www.digitale-sammlungen.de/de/view/bsb10469652?page=355;159_1809_Neues_Handbuch_für_Reisende_jeder_Gattung_durch_Deutschland_und_die_angränzenden_Länder;
160;1809;Neues Handbuch für Reisende jeder Gattung durch Deutschland und die angränzenden Länder;Seite(n)307-312;https://www.digitale-sammlungen.de/de/view/bsb10469652?page=136;160_1809_Neues_Handbuch_für_Reisende_jeder_Gattung_durch_Deutschland_und_die_angränzenden_Länder;
161;1809;Neues Handbuch für Reisende jeder Gattung durch Deutschland und die angränzenden Länder;Seite(n)88-91;https://www.digitale-sammlungen.de/de/view/bsb10469652?page=75;161_1809_Neues_Handbuch_für_Reisende_jeder_Gattung_durch_Deutschland_und_die_angränzenden_Länder;
167;1810;Meine Fußreisen im Jahre 1809 zur Zeit des österreichischen Krieges;Seite(n)166-193;https://digital.slub-dresden.de/werkansicht/dlf/13943/418;167_1810_Meine_Fußreisen_im_Jahre_1809_zur_Zeit_des_österreichischen_Krieges;
168;1810;Reise durch Franken Baiern, Oesterreich, Preußen und Sachsen;Seite(n)410-433;https://www.digitale-sammlungen.de/de/view/bsb10469992?page=18;168_1810_Reise_durch_Franken_Baiern,_Oesterreich,_Preußen_und_Sachsen;
169;1811;Durchflug eines Humoristen durch Deutschland, die Schweitz und das südliche Franckreich;Seite(n)14-15;https://digital.slub-dresden.de/werkansicht/dlf/99374/141;169_1811_Durchflug_eines_Humoristen_durch_Deutschland,_die_Schweitz_und_das_südliche_Franckreich;
170;1813;Reise durch einen Theil von Sachsen und Dänemark in den letztverflossenen Jahren;Seite(n)131-149;https://gallica.bnf.fr/ark:/12148/bpt6k9410564q/f225.item;170_1813_Reise_durch_einen_Theil_von_Sachsen_und_Dänemark_in_den_letztverflossenen_Jahren;
171;1814;Wanderung von St. Petersburg nach Paris im Jahre 1812 durch die deutsch-russischen Provinzen, durch Preussen, Sachsen, Oestreich, Baiern, Wirtemberg und die Rheinlande;Seite(n)213-293;https://gallica.bnf.fr/ark:/12148/bpt6k9410564q/f92.item;171_1814_Wanderung_von_St._Petersburg_nach_Paris_im_Jahre_1812_durch_die_deutsch-russischen_Provinzen,_durch_;
172;1814;Wanderung von St. Petersburg nach Paris im Jahre 1812 durch die deutsch-russischen Provinzen, durch Preussen, Sachsen, Oestreich, Baiern, Wirtemberg und die Rheinlande;Seite(n)80-196;https://gallica.bnf.fr/ark:/12148/bpt6k9410564q/f83.item;172_1814_Wanderung_von_St._Petersburg_nach_Paris_im_Jahre_1812_durch_die_deutsch-russischen_Provinzen,_durch_;
174;1815;Meine Fußreise mit elf Zöglingen durch einen Theil Schlesiens, Böhmens, Sachsens und der Mark Brandenburg im Frühjahr 1814;Seite(n)153-157;https://sammlungen.ulb.uni-muenster.de/hd/content/pageview/403267;174_1815_Meine_Fußreise_mit_elf_Zöglingen_durch_einen_Theil_Schlesiens,_Böhmens,_Sachsens_und_der_Mark_Brande;
175;1816;Vier Erholungs-Wochen oder Reise durch die neupreussischen Markgrafthümer, Nieder- und Oberlausitz;Seite(n)227-230;https://sammlungen.ulb.uni-muenster.de/hd/content/pageview/403248;175_1816_Vier_Erholungs-Wochen_oder_Reise_durch_die_neupreussischen_Markgrafthümer,_Nieder-_und_Oberlausitz;
176;1816;Vier Erholungs-Wochen oder Reise durch die neupreussischen Markgrafthümer, Nieder- und Oberlausitz;Seite(n)208-226;https://www.digitale-sammlungen.de/de/view/bsb10469982?page=403;176_1816_Vier_Erholungs-Wochen_oder_Reise_durch_die_neupreussischen_Markgrafthümer,_Nieder-_und_Oberlausitz;
177;1816;Reise durch Teutschland, Holland und Frankreich, die Schweiz und Italien in den Jahren 1797, 1803 und 1804;Seite(n)399-400;https://www.digitale-sammlungen.de/de/view/bsb10469982?page=401;177_1816_Reise_durch_Teutschland,_Holland_und_Frankreich,_die_Schweiz_und_Italien_in_den_Jahren_1797,_1803_un;
182;1816;Auszüge aus der Brieftasche eines Rheinländers, seinen Durchflug durch Sachsen betreffend;Seite(n)762-765;https://www.digitale-sammlungen.de/de/view/bsb10946792?q=%28Merkw%C3%BCrdige+Reise+%C3%BCber+Erlangen,+Dre%C3%9Fden,+Kassel+und+Fulda+nach+Hammelburg%29&page=32,33;182_1816_Auszüge_aus_der_Brieftasche_eines_Rheinländers,_seinen_Durchflug_durch_Sachsen_betreffend;
183;1817;Merkwürdige Reise über Erlangen, Dreßden, Kassel und Fulda nach Hammelburg;Seite(n)29-31;https://digital.slub-dresden.de/werkansicht/dlf/95118/170;183_1817_Merkwürdige_Reise_über_Erlangen,_Dreßden,_Kassel_und_Fulda_nach_Hammelburg;
184;1819;Beobachtungen bey meinem Aufenthalt in der Oberlausitz und auf einer Reise über Dresden nach Wittenberg im Jahre 1818;Seite(n)148-149;https://digital.slub-dresden.de/werkansicht/?id=5363&tx_dlf%5Bid%5D=95118&tx_dlf%5Bpage%5D=94;184_1819_Beobachtungen_bey_meinem_Aufenthalt_in_der_Oberlausitz_und_auf_einer_Reise_über_Dresden_nach_Wittenb;
185;1819;Beobachtungen bey meinem Aufenthalt in der Oberlausitz und auf einer Reise über Dresden nach Wittenberg im Jahre 1818;Seite(n)72-74;https://digital.slub-dresden.de/werkansicht/dlf/95118/80;185_1819_Beobachtungen_bey_meinem_Aufenthalt_in_der_Oberlausitz_und_auf_einer_Reise_über_Dresden_nach_Wittenb;
188;1820;Reise durch Holstein, Hannover, Sachsen, Brandenburg, Mecklenburg und Lauenburg im Jahre 1817;Seite(n)75-93;https://gdz.sub.uni-goettingen.de/id/PPN895471981?tify=%7B%22pages%22%3A%5B99%5D%2C%22pan%22%3A%7B%22x%22%3A0.458%2C%22y%22%3A0.771%7D%2C%22view%22%3A%22info%22%2C%22zoom%22%3A0.427%7D;188_1820_Reise_durch_Holstein,_Hannover,_Sachsen,_Brandenburg,_Mecklenburg_und_Lauenburg_im_Jahre_1817;
189;1820;Reisen durch einige Theile von Deutschland, Polen, der Moldau und der Türkei. Ester Theil;Seite(n)95-97;https://gdz.sub.uni-goettingen.de/id/PPN895471981?tify=%7B%22pages%22%3A%5B87%5D%2C%22pan%22%3A%7B%22x%22%3A0.228%2C%22y%22%3A0.96%7D%2C%22view%22%3A%22info%22%2C%22zoom%22%3A0.427%7D;189_1820_Reisen_durch_einige_Theile_von_Deutschland,_Polen,_der_Moldau_und_der_Türkei._Ester_Theil;
190;1820;Reisen durch einige Theile von Deutschland, Polen, der Moldau und der Türkei. Ester Theil;Seite(n)83-88;https://www.digitale-sammlungen.de/de/view/bsb11246750?page=264;190_1820_Reisen_durch_einige_Theile_von_Deutschland,_Polen,_der_Moldau_und_der_Türkei._Ester_Theil;
191;1822;Der deutsche Wanderer;Seite(n)232-236;https://www.digitale-sammlungen.de/de/view/bsb10467599?page=33;191_1822_Der_deutsche_Wanderer;
192;1824;Briefe an deutsche Freunde von einer Reise durch Italien über Sachsen, Böhmen, und Oestreich, 1820 und 1821 geschrieben und als Skizzen zum Gemälde unserer Zeit herausgegeben.;Seite(n)11-13;https://www.digitale-sammlungen.de/de/view/bsb10467599?page=33;192_1824_Briefe_an_deutsche_Freunde_von_einer_Reise_durch_Italien_über_Sachsen,_Böhmen,_und_Oestreich,_1820_u;
193;1825;Reise durch die Königreiche Sachsen und Böhmen in den Jahren 1822 und 1823;Seite(n)112;https://digital.slub-dresden.de/werkansicht/dlf/89780/124;193_1825_Reise_durch_die_Königreiche_Sachsen_und_Böhmen_in_den_Jahren_1822_und_1823;
194;1825;Reise durch die Königreiche Sachsen und Böhmen in den Jahren 1822 und 1823;Seite(n)105;https://digital.slub-dresden.de/werkansicht/dlf/89780/117;194_1825_Reise_durch_die_Königreiche_Sachsen_und_Böhmen_in_den_Jahren_1822_und_1823;
195;1825;Reise durch die Königreiche Sachsen und Böhmen in den Jahren 1822 und 1823;Seite(n)20-102;https://digital.slub-dresden.de/werkansicht/dlf/89780/32;195_1825_Reise_durch_die_Königreiche_Sachsen_und_Böhmen_in_den_Jahren_1822_und_1823;
196;1826;Wanderbilder. Gesammelt auf einer Reise von Wien über Dresden, Leipzig, Cassel nach Hamburg;Seite(n)76-77;https://www.digitale-sammlungen.de/de/view/bsb10727721?page=84;196_1826_Wanderbilder._Gesammelt_auf_einer_Reise_von_Wien_über_Dresden,_Leipzig,_Cassel_nach_Hamburg;
197;1826;Wanderbilder. Gesammelt auf einer Reise von Wien über Dresden, Leipzig, Cassel nach Hamburg;Seite(n)67;https://www.digitale-sammlungen.de/de/view/bsb10727721?page=75;197_1826_Wanderbilder._Gesammelt_auf_einer_Reise_von_Wien_über_Dresden,_Leipzig,_Cassel_nach_Hamburg;
198;1826;Wanderbilder. Gesammelt auf einer Reise von Wien über Dresden, Leipzig, Cassel nach Hamburg;Seite(n)60;https://www.digitale-sammlungen.de/de/view/bsb10727721?page=68;198_1826_Wanderbilder._Gesammelt_auf_einer_Reise_von_Wien_über_Dresden,_Leipzig,_Cassel_nach_Hamburg;
199;1826;Wanderbilder. Gesammelt auf einer Reise von Wien über Dresden, Leipzig, Cassel nach Hamburg;Seite(n)58-59;https://www.digitale-sammlungen.de/de/view/bsb10727721?page=66;199_1826_Wanderbilder._Gesammelt_auf_einer_Reise_von_Wien_über_Dresden,_Leipzig,_Cassel_nach_Hamburg;
200;1826;Wanderbilder. Gesammelt auf einer Reise von Wien über Dresden, Leipzig, Cassel nach Hamburg;Seite(n)54-56;https://www.digitale-sammlungen.de/de/view/bsb10727721?page=62;200_1826_Wanderbilder._Gesammelt_auf_einer_Reise_von_Wien_über_Dresden,_Leipzig,_Cassel_nach_Hamburg;
201;1826;Wanderbilder. Gesammelt auf einer Reise von Wien über Dresden, Leipzig, Cassel nach Hamburg;Seite(n)43-51;https://www.digitale-sammlungen.de/de/view/bsb10727721?page=51;201_1826_Wanderbilder._Gesammelt_auf_einer_Reise_von_Wien_über_Dresden,_Leipzig,_Cassel_nach_Hamburg;
202;1827;Reisen nach den vorzüglichsten Hauptstädten von Mittel-Europa. Eine Schilderung der Länder und Städte, ihrer Bewohner, Naturschönheiten, Sehenswürdigkeiten, u.s.w.;Seite(n)102-104;https://www.digitale-sammlungen.de/de/view/bsb10622201?page=114;202_1827_Reisen_nach_den_vorzüglichsten_Hauptstädten_von_Mittel-Europa._Eine_Schilderung_der_Länder_und_Städt;
203;1827;Reisen nach den vorzüglichsten Hauptstädten von Mittel-Europa. Eine Schilderung der Länder und Städte, ihrer Bewohner, Naturschönheiten, Sehenswürdigkeiten, u.s.w.;Seite(n)62-102;https://www.digitale-sammlungen.de/de/view/bsb10622201?page=74;203_1827_Reisen_nach_den_vorzüglichsten_Hauptstädten_von_Mittel-Europa._Eine_Schilderung_der_Länder_und_Städt;
204;1831;Reise durch Deutschland Ungarn, Holland, Italien, Frankreich, Großbritanien und Irland;Seite(n)26-35;https://www.digitale-sammlungen.de/de/view/bsb10467054?page=34;204_1831_Reise_durch_Deutschland_Ungarn,_Holland,_Italien,_Frankreich,_Großbritanien_und_Irland;
205;1831;Skizzen einer Reise von Wien über Prag, Teplitz, Dresden, Berlin, Leipzig, Weimar, Frankfurt am Main, Darmstadt, Heidelberg, Mannheim, Karlsruhe, Stuttgart, München, Salzburg, Linz, und von dort nach Wien zurück;Seite(n)28-44;https://www.digitale-sammlungen.de/de/view/bsb10466628?page=38;205_1831_Skizzen_einer_Reise_von_Wien_über_Prag,_Teplitz,_Dresden,_Berlin,_Leipzig,_Weimar,_Frankfurt_am_Main;
206;1831;Skizzen einer Reise von Wien über Prag, Teplitz, Dresden, Berlin, Leipzig, Weimar, Frankfurt am Main, Darmstadt, Heidelberg, Mannheim, Karlsruhe, Stuttgart, München, Salzburg, Linz, und von dort nach Wien zurück;Seite(n)27-28;https://www.digitale-sammlungen.de/de/view/bsb10466628?page=37;206_1831_Skizzen_einer_Reise_von_Wien_über_Prag,_Teplitz,_Dresden,_Berlin,_Leipzig,_Weimar,_Frankfurt_am_Main;
207;1834;Philipp Hainhofers Reise-Tagebuch, enthaltend Schilderungen aus Franken, Sachsen, der Mark Brandenburg und Pommern im Jahr 1617;Seite(n)127-148;https://www.digitale-bibliothek-mv.de/viewer/image/PPN559838239_2_1/391/;207_1834_Philipp_Hainhofers_Reise-Tagebuch,_enthaltend_Schilderungen_aus_Franken,_Sachsen,_der_Mark_Brandenbu;
214;1881;Von Dresden nach Bremen im Jahre 1806;Seite(n)5-6;https://brema.suub.uni-bremen.de/content/pageview/2296811;214_1881_Von_Dresden_nach_Bremen_im_Jahre_1806;
216;1889;Friedrich Karl von Savignys sächsische Studienreise 1799 und 1800;Seite(n)23;https://digital.ulb.hhu.de/ulbdsp/periodical/pageview/5122758;216_1889_Friedrich_Karl_von_Savignys_sächsische_Studienreise_1799_und_1800;
222;1899;Reise durch Sachsen im Jahre 1813. Briefe Goethes an Christiane;Seite(n)74-75;https://digital.slub-dresden.de/werkansicht/dlf/99162/42;222_1899_Reise_durch_Sachsen_im_Jahre_1813._Briefe_Goethes_an_Christiane;
223;1899;Reise durch Sachsen im Jahre 1813. Briefe Goethes an Christiane;Seite(n)48-49;https://digital.slub-dresden.de/werkansicht/dlf/99162/16;223_1899_Reise_durch_Sachsen_im_Jahre_1813._Briefe_Goethes_an_Christiane;
224;1899;Reise durch Sachsen im Jahre 1813. Briefe Goethes an Christiane;Seite(n)42-46;https://digital.slub-dresden.de/werkansicht/dlf/99162/10;224_1899_Reise_durch_Sachsen_im_Jahre_1813._Briefe_Goethes_an_Christiane;
225;1901;Des Augsburger Patriciers Philipp Hainhofer Reisen nach Innsbruck und Dresden 1629;Seite(n)156-246;https://digi.ub.uni-heidelberg.de/diglit/hainhofer1901/0166/image,info;225_1901_Des_Augsburger_Patriciers_Philipp_Hainhofer_Reisen_nach_Innsbruck_und_Dresden_1629;
232;1976;Reise durch Deutschland und die Schweiz 1815/1816;Seite(n)238;https://www.osmikon.de/Vta2/bsb00102949/ostdok:BV005204902?c=solrSearchOstdok&page=258;232_1976_Reise_durch_Deutschland_und_die_Schweiz_18151816;
233;1976;Reise durch Deutschland und die Schweiz 1815/1816;Seite(n)229-234;https://www.osmikon.de/Vta2/bsb00102949/ostdok:BV005204902?c=solrSearchOstdok&page=249;233_1976_Reise_durch_Deutschland_und_die_Schweiz_18151816;
